crid://crid_0	announcement	sort_title_asc	新着情報１６７８９０１２３４５６７８９０１２３４５６７８９０１２３４５６７８９０１２３４５６７８９０	新着情報１ああああああああああああああああ	thumb/thumb_anno_l_0.jpg	thumb/thumb_anno_m_0.jpg	thumb/thumb_anno_s_0.jpg		0	0	copyright@aaa1	COPYRIGHT_TR												2008-01-10-01-01-01	2009-03-11-01-01-01	2008-01-12-01-01-01	2009-03-11-01-01-01													0	1	1																																								
crid://crid_1	announcement	sort_title_asc	新着情報２	新着情報２ああああああああああああああああ	thumb/thumb_anno_l_1.jpg	thumb/thumb_anno_m_1.jpg	thumb/thumb_anno_s_1.jpg		1	0	copyright@aaa4	COPYRIGHT_TR												2008-01-10-01-01-01	2009-03-11-01-01-01	2008-01-12-01-01-01	2009-03-11-01-01-01													0	0	1																																								
crid://crid_2	announcement	sort_title_asc	新着情報３	新着情報３ああああああああああああああああ	thumb/thumb_anno_l_2.jpg	thumb/thumb_anno_m_2.jpg	thumb/thumb_anno_s_2.jpg		0	0	copyright@aaa5	COPYRIGHT_TR												2008-01-10-01-01-01	2009-03-11-01-01-01	2008-01-12-01-01-01	2009-03-11-01-01-01													0	1	1																																								
crid://crid_3	announcement	sort_title_asc	新着情報４	新着情報４ああああああああああああああああ	thumb/thumb_anno_l_3.jpg	thumb/thumb_anno_m_3.jpg	thumb/thumb_anno_s_3.jpg		1	0	copyright@aaa8	COPYRIGHT_TR												2008-01-10-01-01-01	2009-03-11-01-01-01	2008-01-12-01-01-01	2008-01-11-01-01-01													0	0	1																																								
crid://crid_4	announcement	sort_title_asc	新着情報５	新着情報５ああああああああああああああああ	thumb/thumb_anno_l_4.jpg	thumb/thumb_anno_m_4.jpg	thumb/thumb_anno_s_4.jpg		0	0	copyright@aaa9	COPYRIGHT_TR												2008-01-10-01-01-01	2009-03-11-01-01-01	2008-01-12-01-01-01	2008-01-11-01-01-01													0	1	1																																								
crid://crid_5	announcement	sort_title_asc	障害・メンテナンス１	障害・メンテナンス１ああああああああああああああああ	thumb/thumb_anno_l_5.jpg	thumb/thumb_anno_m_5.jpg	thumb/thumb_anno_s_5.jpg		1	0	copyright@aaa12	COPYRIGHT_TR												2008-01-10-01-01-01	2009-03-11-01-01-01	2008-01-12-01-01-01	2009-03-11-01-01-01													0	0	3																																								
crid://crid_6	announcement	sort_title_asc	障害・メンテナンス２	障害・メンテナンス２ああああああああああああああああ	thumb/thumb_anno_l_6.jpg	thumb/thumb_anno_m_6.jpg	thumb/thumb_anno_s_6.jpg		0	0	copyright@aaa13	COPYRIGHT_TR												2008-01-10-01-01-01	2009-03-11-01-01-01	2008-01-12-01-01-01	2009-03-11-01-01-01													1	1	3																																								
crid://crid_7	announcement	sort_title_asc	障害・メンテナンス３	障害・メンテナンス３ああああああああああああああああ	thumb/thumb_anno_l_7.jpg	thumb/thumb_anno_m_7.jpg	thumb/thumb_anno_s_7.jpg		1	0	copyright@aaa16	COPYRIGHT_TR												2008-01-10-01-01-01	2008-01-11-01-01-01	2008-01-12-01-01-01	2008-01-11-01-01-01													1	0	3																																								
crid://crid_8	announcement	sort_title_asc	障害・メンテナンス４	障害・メンテナンス４ああああああああああああああああ	thumb/thumb_anno_l_8.jpg	thumb/thumb_anno_m_8.jpg	thumb/thumb_anno_s_8.jpg		1	0	copyright@aaa2	COPYRIGHT_TR												2008-01-10-01-01-01	2009-03-11-01-01-01	2008-01-12-01-01-01	2009-03-11-01-01-01													0	0	3																																								
crid://crid_9	announcement	sort_title_asc	障害・メンテナンス５	障害・メンテナンス５ああああああああああああああああ	thumb/thumb_anno_l_9.jpg	thumb/thumb_anno_m_9.jpg	thumb/thumb_anno_s_9.jpg		0	0	copyright@aaa3	COPYRIGHT_TR												2008-01-10-01-01-01	2009-03-11-01-01-01	2008-01-12-01-01-01	2009-03-11-01-01-01													0	1	3																																								
crid://crid_10	announcement	sort_title_asc	サポート１	サポート１ああああああああああああああああ	thumb/thumb_anno_l_10.jpg	thumb/thumb_anno_m_10.jpg	thumb/thumb_anno_s_10.jpg		1	0	copyright@aaa6	COPYRIGHT_TR												2008-01-10-01-01-01	2009-03-11-01-01-01	2008-01-12-01-01-01	2009-03-11-01-01-01													0	0	2																																								
crid://crid_11	announcement	sort_title_asc	サポート２	サポート２ああああああああああああああああ	thumb/thumb_anno_l_11.jpg	thumb/thumb_anno_m_11.jpg	thumb/thumb_anno_s_11.jpg		0	0	copyright@aaa7	COPYRIGHT_TR												2008-01-10-01-01-01	2009-03-11-01-01-01	2008-01-12-01-01-01	2009-03-11-01-01-01													0	1	2																																								
crid://crid_12	announcement	sort_title_asc	サポート３	サポート３ああああああああああああああああ	thumb/thumb_anno_l_12.jpg	thumb/thumb_anno_m_12.jpg	thumb/thumb_anno_s_12.jpg		1	0	copyright@aaa10	COPYRIGHT_TR												2008-01-10-01-01-01	2009-03-11-01-01-01	2008-01-12-01-01-01	2009-03-11-01-01-01													0	0	2																																								
crid://crid_13	announcement	sort_title_asc	サポート４	サポート４ああああああああああああああああ	thumb/thumb_anno_l_13.jpg	thumb/thumb_anno_m_13.jpg	thumb/thumb_anno_s_13.jpg		0	0	copyright@aaa11	COPYRIGHT_TR												2008-01-10-01-01-01	2009-03-11-01-01-01	2008-01-12-01-01-01	2009-03-11-01-01-01													0	1	2																																								
crid://crid_14	announcement	sort_title_asc	サポート５	サポート５ああああああああああああああああ	thumb/thumb_anno_l_14.jpg	thumb/thumb_anno_m_14.jpg	thumb/thumb_anno_s_14.jpg		1	0	copyright@aaa14	COPYRIGHT_TR												2008-01-10-01-01-01	2009-03-11-01-01-01	2008-01-12-01-01-01	2009-03-11-01-01-01													1	0	2																																								
crid://crid_15	video_series	sort_title_asc	サポートシリーズ６０１２３４５６７８９０１２３４５６７８９０１２３４５６７８９０１２３４５６７８９０	サポート６ああああああああああああああああ	thumb/thumb_anno_l_15.jpg	thumb/thumb_anno_m_15.jpg	thumb/thumb_anno_s_15.jpg		0	0	copyright@aaa15	COPYRIGHT_TR												2008-01-10-01-01-01	2009-01-11-01-01-01	2008-01-12-01-01-01	2008-01-11-01-01-01													1	1	2																																								
crid://crid_20	announcement	sort_title_asc	新着情報６	新着情報６ああああああああああああああああ	thumb/thumb_anno_l_0.jpg	thumb/thumb_anno_m_0.jpg	thumb/thumb_anno_s_0.jpg		0	0	copyright@aaa1	COPYRIGHT_TR												2008-01-10-01-01-01	2009-03-11-01-01-01	2008-01-12-01-01-01	2009-03-11-01-01-01													0	1	1																																								
crid://crid_21	announcement	sort_title_asc	新着情報７	新着情報７ああああああああああああああああ	thumb/thumb_anno_l_1.jpg	thumb/thumb_anno_m_1.jpg	thumb/thumb_anno_s_1.jpg		1	0	copyright@aaa4	COPYRIGHT_TR												2008-01-10-01-01-01	2009-03-11-01-01-01	2008-01-12-01-01-01	2009-03-11-01-01-01													0	0	1																																								
crid://crid_22	announcement	sort_title_asc	新着情報８	新着情報８ああああああああああああああああ	thumb/thumb_anno_l_2.jpg	thumb/thumb_anno_m_2.jpg	thumb/thumb_anno_s_2.jpg		0	0	copyright@aaa5	COPYRIGHT_TR												2008-01-10-01-01-01	2009-03-11-01-01-01	2008-01-12-01-01-01	2009-03-11-01-01-01													0	1	1																																								
crid://crid_23	announcement	sort_title_asc	新着情報９	新着情報９ああああああああああああああああ	thumb/thumb_anno_l_3.jpg	thumb/thumb_anno_m_3.jpg	thumb/thumb_anno_s_3.jpg		1	0	copyright@aaa8	COPYRIGHT_TR												2008-01-10-01-01-01	2009-03-11-01-01-01	2008-01-12-01-01-01	2008-01-11-01-01-01													0	0	1																																								
crid://crid_24	announcement	sort_title_asc	新着情報１０	新着情報５ああああああああああああああああ	thumb/thumb_anno_l_4.jpg	thumb/thumb_anno_m_4.jpg	thumb/thumb_anno_s_4.jpg		0	0	copyright@aaa9	COPYRIGHT_TR												2008-01-10-01-01-01	2009-03-11-01-01-01	2008-01-12-01-01-01	2008-01-11-01-01-01													0	1	1																																								
crid://crid_25	announcement	sort_title_asc	障害・メンテナンス６	障害・メンテナンス６ああああああああああああああああ	thumb/thumb_anno_l_5.jpg	thumb/thumb_anno_m_5.jpg	thumb/thumb_anno_s_5.jpg		1	0	copyright@aaa12	COPYRIGHT_TR												2008-01-10-01-01-01	2009-03-11-01-01-01	2008-01-12-01-01-01	2009-03-11-01-01-01													0	0	3																																								
crid://crid_26	announcement	sort_title_asc	障害・メンテナンス７	障害・メンテナンス７ああああああああああああああああ	thumb/thumb_anno_l_6.jpg	thumb/thumb_anno_m_6.jpg	thumb/thumb_anno_s_6.jpg		0	0	copyright@aaa13	COPYRIGHT_TR												2008-01-10-01-01-01	2009-03-11-01-01-01	2008-01-12-01-01-01	2009-03-11-01-01-01													1	1	3																																								
crid://crid_27	announcement	sort_title_asc	障害・メンテナンス８	障害・メンテナンス８ああああああああああああああああ	thumb/thumb_anno_l_7.jpg	thumb/thumb_anno_m_7.jpg	thumb/thumb_anno_s_7.jpg		1	0	copyright@aaa16	COPYRIGHT_TR												2008-01-10-01-01-01	2008-01-11-01-01-01	2008-01-12-01-01-01	2008-01-11-01-01-01													1	0	3																																								
crid://crid_28	announcement	sort_title_asc	障害・メンテナンス９	障害・メンテナンス９ああああああああああああああああ	thumb/thumb_anno_l_8.jpg	thumb/thumb_anno_m_8.jpg	thumb/thumb_anno_s_8.jpg		1	0	copyright@aaa2	COPYRIGHT_TR												2008-01-10-01-01-01	2009-03-11-01-01-01	2008-01-12-01-01-01	2009-03-11-01-01-01													0	0	3																																								
crid://crid_29	announcement	sort_title_asc	障害・メンテナンス１０	障害・メンテナンス１０ああああああああああああああああ	thumb/thumb_anno_l_9.jpg	thumb/thumb_anno_m_9.jpg	thumb/thumb_anno_s_9.jpg		0	0	copyright@aaa3	COPYRIGHT_TR												2008-01-10-01-01-01	2009-03-11-01-01-01	2008-01-12-01-01-01	2009-03-11-01-01-01													0	1	3																																								
crid://crid_30	announcement	sort_title_asc	サポート７	サポート７ああああああああああああああああ	thumb/thumb_anno_l_10.jpg	thumb/thumb_anno_m_10.jpg	thumb/thumb_anno_s_10.jpg		1	0	copyright@aaa6	COPYRIGHT_TR												2008-01-10-01-01-01	2009-03-11-01-01-01	2008-01-12-01-01-01	2009-03-11-01-01-01													0	0	2																																								
crid://crid_31	announcement	sort_title_asc	サポート８	サポート８ああああああああああああああああ	thumb/thumb_anno_l_11.jpg	thumb/thumb_anno_m_11.jpg	thumb/thumb_anno_s_11.jpg		0	0	copyright@aaa7	COPYRIGHT_TR												2008-01-10-01-01-01	2009-03-11-01-01-01	2008-01-12-01-01-01	2009-03-11-01-01-01													0	1	2																																								
crid://crid_32	announcement	sort_title_asc	サポート９	サポート９ああああああああああああああああ	thumb/thumb_anno_l_12.jpg	thumb/thumb_anno_m_12.jpg	thumb/thumb_anno_s_12.jpg		1	0	copyright@aaa10	COPYRIGHT_TR												2008-01-10-01-01-01	2009-03-11-01-01-01	2008-01-12-01-01-01	2009-03-11-01-01-01													0	0	2																																								
crid://crid_33	announcement	sort_title_asc	サポート１０	サポート１０ああああああああああああああああ	thumb/thumb_anno_l_13.jpg	thumb/thumb_anno_m_13.jpg	thumb/thumb_anno_s_13.jpg		0	0	copyright@aaa11	COPYRIGHT_TR												2008-01-10-01-01-01	2009-03-11-01-01-01	2008-01-12-01-01-01	2009-03-11-01-01-01													0	1	2																																								
crid://crid_34	announcement	sort_title_asc	サポート１１	サポート１１ああああああああああああああああ	thumb/thumb_anno_l_14.jpg	thumb/thumb_anno_m_14.jpg	thumb/thumb_anno_s_14.jpg		1	0	copyright@aaa14	COPYRIGHT_TR												2008-01-10-01-01-01	2009-03-11-01-01-01	2008-01-12-01-01-01	2009-03-11-01-01-01													1	0	2																																								
crid://crid_35	video_series	sort_title_asc	サポートシリーズ１２	サポート１２ああああああああああああああああ	thumb/thumb_anno_l_15.jpg	thumb/thumb_anno_m_15.jpg	thumb/thumb_anno_s_15.jpg		0	0	copyright@aaa15	COPYRIGHT_TR												2008-01-10-01-01-01	2009-01-11-01-01-01	2008-01-12-01-01-01	2008-01-11-01-01-01													1	1	2																																								
crid://crid_NOD_1_32	announcement	sort_title_asc	ＮＯＤサポート１	ＮＯＤサポート１ああああああああああああああああ	thumb/thumb_anno_l_10.jpg	thumb/thumb_anno_m_10.jpg	thumb/thumb_anno_s_10.jpg		1	0	copyright@aaa6	COPYRIGHT_TR												2008-01-10-01-01-01	2009-03-11-01-01-01	2008-01-12-01-01-01	2009-03-11-01-01-01													0	0	NOD_1																																								
crid://crid_NOD_1_33	announcement	sort_title_asc	ＮＯＤサポート２	ＮＯＤサポート２ああああああああああああああああ	thumb/thumb_anno_l_11.jpg	thumb/thumb_anno_m_11.jpg	thumb/thumb_anno_s_11.jpg		0	0	copyright@aaa7	COPYRIGHT_TR												2008-01-10-01-01-01	2009-03-11-01-01-01	2008-01-12-01-01-01	2009-03-11-01-01-01													0	1	NOD_1																																								
crid://crid_NOD_1_34	announcement	sort_title_asc	ＮＯＤサポート３	ＮＯＤサポート３ああああああああああああああああ	thumb/thumb_anno_l_12.jpg	thumb/thumb_anno_m_12.jpg	thumb/thumb_anno_s_12.jpg		1	0	copyright@aaa10	COPYRIGHT_TR												2008-01-10-01-01-01	2009-03-11-01-01-01	2008-01-12-01-01-01	2009-03-11-01-01-01													0	0	NOD_1																																								
crid://crid_NOD_1_35	announcement	sort_title_asc	ＮＯＤサポート４	ＮＯＤサポート４ああああああああああああああああ	thumb/thumb_anno_l_13.jpg	thumb/thumb_anno_m_13.jpg	thumb/thumb_anno_s_13.jpg		0	0	copyright@aaa11	COPYRIGHT_TR												2008-01-10-01-01-01	2009-03-11-01-01-01	2008-01-12-01-01-01	2009-03-11-01-01-01													0	1	NOD_1																																								
crid://crid_NOD_1_36	announcement	sort_title_asc	ＮＯＤサポート５	ＮＯＤサポート５ああああああああああああああああ	thumb/thumb_anno_l_14.jpg	thumb/thumb_anno_m_14.jpg	thumb/thumb_anno_s_14.jpg		1	0	copyright@aaa14	COPYRIGHT_TR												2008-01-10-01-01-01	2009-03-11-01-01-01	2008-01-12-01-01-01	2009-03-11-01-01-01													1	0	NOD_1																																								
crid://crid_NOD_1_37	video_series	sort_title_asc	ＮＯＤサポートシリーズ６	ＮＯＤサポート６ああああああああああああああああ	thumb/thumb_anno_l_15.jpg	thumb/thumb_anno_m_15.jpg	thumb/thumb_anno_s_15.jpg		0	0	copyright@aaa15	COPYRIGHT_TR												2008-01-10-01-01-01	2009-01-11-01-01-01	2008-01-12-01-01-01	2008-01-11-01-01-01													1	1	NOD_1																																								
crid://crid_NOD_1_38	announcement	sort_title_asc	ＮＯＤサポート７	ＮＯＤサポート７ああああああああああああああああ	thumb/thumb_anno_l_10.jpg	thumb/thumb_anno_m_10.jpg	thumb/thumb_anno_s_10.jpg		1	0	copyright@aaa6	COPYRIGHT_TR												2008-01-10-01-01-01	2009-03-11-01-01-01	2008-01-12-01-01-01	2009-03-11-01-01-01													0	0	NOD_2																																								
crid://crid_NOD_2_39	announcement	sort_title_asc	ＮＯＤサポート８	ＮＯＤサポート８ああああああああああああああああ	thumb/thumb_anno_l_11.jpg	thumb/thumb_anno_m_11.jpg	thumb/thumb_anno_s_11.jpg		0	0	copyright@aaa7	COPYRIGHT_TR												2008-01-10-01-01-01	2009-03-11-01-01-01	2008-01-12-01-01-01	2009-03-11-01-01-01													0	1	NOD_2																																								
crid://crid_NOD_2_40	announcement	sort_title_asc	ＮＯＤサポート９	ＮＯＤサポート９ああああああああああああああああ	thumb/thumb_anno_l_12.jpg	thumb/thumb_anno_m_12.jpg	thumb/thumb_anno_s_12.jpg		1	0	copyright@aaa10	COPYRIGHT_TR												2008-01-10-01-01-01	2009-03-11-01-01-01	2008-01-12-01-01-01	2009-03-11-01-01-01													0	0	NOD_2																																								
crid://crid_NOD_2_41	announcement	sort_title_asc	ＮＯＤサポート１０	ＮＯＤサポート１０ああああああああああああああああ	thumb/thumb_anno_l_13.jpg	thumb/thumb_anno_m_13.jpg	thumb/thumb_anno_s_13.jpg		0	0	copyright@aaa11	COPYRIGHT_TR												2008-01-10-01-01-01	2009-03-11-01-01-01	2008-01-12-01-01-01	2009-03-11-01-01-01													0	1	NOD_2																																								
crid://crid_NOD_2_42	announcement	sort_title_asc	ＮＯＤサポート１１	ＮＯＤサポート１１ああああああああああああああああ	thumb/thumb_anno_l_14.jpg	thumb/thumb_anno_m_14.jpg	thumb/thumb_anno_s_14.jpg		1	0	copyright@aaa14	COPYRIGHT_TR												2008-01-10-01-01-01	2009-03-11-01-01-01	2008-01-12-01-01-01	2009-03-11-01-01-01													1	0	NOD_2																																								
crid://crid_NOD_2_43	video_series	sort_title_asc	ＮＯＤサポートシリーズ１２	ＮＯＤサポート１２ああああああああああああああああ	thumb/thumb_anno_l_15.jpg	thumb/thumb_anno_m_15.jpg	thumb/thumb_anno_s_15.jpg		0	0	copyright@aaa15	COPYRIGHT_TR												2008-01-10-01-01-01	2009-01-11-01-01-01	2008-01-12-01-01-01	2008-01-11-01-01-01													1	1	NOD_2																																								
crid://crid_NOD_3_44	announcement	sort_title_asc	ＮＯＤサポート１３	ＮＯＤサポート１３ああああああああああああああああ	thumb/thumb_anno_l_10.jpg	thumb/thumb_anno_m_10.jpg	thumb/thumb_anno_s_10.jpg		1	0	copyright@aaa6	COPYRIGHT_TR												2008-01-10-01-01-01	2009-03-11-01-01-01	2008-01-12-01-01-01	2009-03-11-01-01-01													0	0	NOD_3																																								
crid://crid_NOD_3_45	announcement	sort_title_asc	ＮＯＤサポート１４	ＮＯＤサポート１４ああああああああああああああああ	thumb/thumb_anno_l_11.jpg	thumb/thumb_anno_m_11.jpg	thumb/thumb_anno_s_11.jpg		0	0	copyright@aaa7	COPYRIGHT_TR												2008-01-10-01-01-01	2009-03-11-01-01-01	2008-01-12-01-01-01	2009-03-11-01-01-01													0	1	NOD_3																																								
crid://crid_NOD_3_46	announcement	sort_title_asc	ＮＯＤサポート１５	ＮＯＤサポート１５ああああああああああああああああ	thumb/thumb_anno_l_12.jpg	thumb/thumb_anno_m_12.jpg	thumb/thumb_anno_s_12.jpg		1	0	copyright@aaa10	COPYRIGHT_TR												2008-01-10-01-01-01	2009-03-11-01-01-01	2008-01-12-01-01-01	2009-03-11-01-01-01													0	0	NOD_3																																								
crid://crid_NOD_3_47	announcement	sort_title_asc	ＮＯＤサポート１６	ＮＯＤサポート１６ああああああああああああああああ	thumb/thumb_anno_l_13.jpg	thumb/thumb_anno_m_13.jpg	thumb/thumb_anno_s_13.jpg		0	0	copyright@aaa11	COPYRIGHT_TR												2008-01-10-01-01-01	2009-03-11-01-01-01	2008-01-12-01-01-01	2009-03-11-01-01-01													0	1	NOD_3																																								
crid://crid_NOD_3_48	announcement	sort_title_asc	ＮＯＤサポート１７	ＮＯＤサポート１７ああああああああああああああああ	thumb/thumb_anno_l_14.jpg	thumb/thumb_anno_m_14.jpg	thumb/thumb_anno_s_14.jpg		1	0	copyright@aaa14	COPYRIGHT_TR												2008-01-10-01-01-01	2009-03-11-01-01-01	2008-01-12-01-01-01	2009-03-11-01-01-01													1	0	NOD_3																																								
crid://crid_NOD_3_49	video_series	sort_title_asc	ＮＯＤサポートシリーズ１８	ＮＯＤサポート１８ああああああああああああああああ	thumb/thumb_anno_l_15.jpg	thumb/thumb_anno_m_15.jpg	thumb/thumb_anno_s_15.jpg		0	0	copyright@aaa15	COPYRIGHT_TR												2008-01-10-01-01-01	2009-01-11-01-01-01	2008-01-12-01-01-01	2008-01-11-01-01-01													1	1	NOD_3																																								
crid://crid_NOD_3_50	announcement	sort_title_asc	ＮＯＤサポート１９	ＮＯＤサポート１９ああああああああああああああああ	thumb/thumb_anno_l_10.jpg	thumb/thumb_anno_m_10.jpg	thumb/thumb_anno_s_10.jpg		1	0	copyright@aaa6	COPYRIGHT_TR												2008-01-10-01-01-01	2009-03-11-01-01-01	2008-01-12-01-01-01	2009-03-11-01-01-01													0	0	NOD_3																																								
crid://crid_NOD_3_51	announcement	sort_title_asc	ＮＯＤサポート２０	ＮＯＤサポート２０ああああああああああああああああ	thumb/thumb_anno_l_11.jpg	thumb/thumb_anno_m_11.jpg	thumb/thumb_anno_s_11.jpg		0	0	copyright@aaa7	COPYRIGHT_TR												2008-01-10-01-01-01	2009-03-11-01-01-01	2008-01-12-01-01-01	2009-03-11-01-01-01													0	1	NOD_3																																								
crid://crid_NOD_3_52	announcement	sort_title_asc	ＮＯＤサポート２１	ＮＯＤサポート２１ああああああああああああああああ	thumb/thumb_anno_l_12.jpg	thumb/thumb_anno_m_12.jpg	thumb/thumb_anno_s_12.jpg		1	0	copyright@aaa10	COPYRIGHT_TR												2008-01-10-01-01-01	2009-03-11-01-01-01	2008-01-12-01-01-01	2009-03-11-01-01-01													0	0	NOD_3																																								
crid://crid_NOD_3_53	announcement	sort_title_asc	ＮＯＤサポート２２	ＮＯＤサポート２２ああああああああああああああああ	thumb/thumb_anno_l_13.jpg	thumb/thumb_anno_m_13.jpg	thumb/thumb_anno_s_13.jpg		0	0	copyright@aaa11	COPYRIGHT_TR												2008-01-10-01-01-01	2009-03-11-01-01-01	2008-01-12-01-01-01	2009-03-11-01-01-01													0	1	NOD_3																																								
crid://crid_NOD_3_54	announcement	sort_title_asc	ＮＯＤサポート２３	ＮＯＤサポート２３ああああああああああああああああ	thumb/thumb_anno_l_14.jpg	thumb/thumb_anno_m_14.jpg	thumb/thumb_anno_s_14.jpg		1	0	copyright@aaa14	COPYRIGHT_TR												2008-01-10-01-01-01	2009-03-11-01-01-01	2008-01-12-01-01-01	2009-03-11-01-01-01													1	0	NOD_3																																								
crid://crid_NOD_3_55	video_series	sort_title_asc	ＮＯＤサポートシリーズ２４	ＮＯＤサポート２４ああああああああああああああああ	thumb/thumb_anno_l_15.jpg	thumb/thumb_anno_m_15.jpg	thumb/thumb_anno_s_15.jpg		0	0	copyright@aaa15	COPYRIGHT_TR												2008-01-10-01-01-01	2009-01-11-01-01-01	2008-01-12-01-01-01	2008-01-11-01-01-01													1	1	NOD_3																																								
